<?xml version="1.0" encoding="UTF-8"?>
<Configuration status="ALL">
    <Appenders>
        <Console name="Console" target="SYSTEM_OUT">
            <PatternLayout pattern="%d{HH:mm:ss.SSS} [%t] %-5level %logger{36} - %msg%n" />
        </Console>
        <File name="PerformanceAnalyzerLog" fileName="/tmp/PerformanceAnalyzer.log" immediateFlush="true" append="true">
            <PatternLayout pattern="%d{yyy-MM-dd HH:mm:ss.SSS} [PA:Reader] [%t] %-5level %logger{36} - %msg%n"/>
        </File>
        <File name="StatsLog" fileName="/tmp/performance_analyzer_agent_stats.log" immediateFlush="true" append="true">
        </File>
    </Appenders>
    <Loggers>
        <Logger name="stats_log" level="all" additivity="false">
            <AppenderRef ref="StatsLog"/>
        </Logger>
        <Root level="all">
            <AppenderRef ref="Console" />
            <AppenderRef ref="PerformanceAnalyzerLog"/>
        </Root>
    </Loggers>
</Configuration>
